id,first_name,last_name,email,gender,company,city,title
1,Paul,Marshall,pmarshall29@bandcamp.com,Male,Devify,"Kreutzberg, NY",
2,Carl,Stewart,cstewarto2@nasa.gov,Male,Zoombeat,"Hebron, AZ",VP Product Management
3,Ralph,,rrodriguezob@hugedomains.com,Male,Mybuzz,"Kreutzberg, NY",Project Manager
4,Cynthia,Cruz,ccruzq5@dion.ne.jp,Female,Voomm,"Kreutzberg, NY",Operator
5,Matthew,Hughes,mhughesrj@chron.com,Male,Wikizz,"Gaskil, DE",Web Developer II
6,Terry,Ruiz,truiz5@unc.edu,Male,Nlounge,"Mount Baker, NY",
7,Julia,Kennedy,jkennedy6@behance.net,Female,Divanoodle,"Farmington Lake, OK",VP Product Management
8,Jesse,Mcdonald,jmcdonald7@etsy.com,Male,Realblab,"Martins Corner, TX",Structural Engineer
9,Harry,Edwards,hedwards8@mapquest.com,Male,Jabberstorm,"Pickerel Narrows, MT",Marketing Manager
10,Peter,Ellis,pellis9@wordpress.com,Male,Photolist,"Willaha, OH",Research Associate
11,Betty,Wright,bwrighta@xrea.com,Female,Blogpad,"Center, MA",Paralegal
12,Maria,Armstrong,marmstrongb@last.fm,Female,Zooxo,"Spring City, MS",Health Coach IV
13,Lawrence,West,lwestc@1688.com,Male,Gabcube,"Mittenlane, TX",Electrical Engineer
14,Katherine,Porter,kporterd@washingtonpost.com,Female,Twiyo,"East Waterford, ME",Staff Scientist
15,Philip,Stewart,pstewarte@intel.com,Male,Jaxbean,"Coltman, WV",
16,Ralph,Carpenter,rcarpenterf@dot.gov,Male,Topicblab,"Scottsville, KS",Environmental Tech
17,Teresa,Carter,tcarterg@cocolog-nifty.com,Female,Voonte,"Hebron, AZ",Internal Auditor
18,Jane,Thompson,jthompsonh@last.fm,Female,Kanoodle,"Longview, MA",Software Consultant
19,Nicholas,Hart,nharti@oakley.com,Male,Riffpath,"Emerson, MT",Recruiting Manager
20,Billy,Rogers,brogersj@reference.com,Male,Eadel,"North Knoxville, AL",Clinical Specialist
21,Alan,Barnes,abarnesk@geocities.jp,Male,Plambee,"Momford Landing, IN",Recruiter
22,Andrew,Wallace,awallacel@xrea.com,Male,LiveZ,"Ipswich, IA",Structural Engineer
23,Donald,Williams,dwilliamsm@tuttocitta.it,Male,Rhybox,"Storms, TX",Sales Representative
24,Kathleen,Hanson,khansonn@ezinearticles.com,Female,Linklinks,"Kalauao, SD",Pharmacist
25,Wayne,Wilson,wwilsono@dot.gov,Male,Edgewire,"Farwell, FL",Staff Accountant IV
26,Alan,Martinez,amartinezp@friendfeed.com,Male,Dynabox,"Brentwood Village, MT",Engineer II
27,George,Watkins,gwatkinsq@altervista.org,Male,LiveZ,"Wilhelm Park, MT",Librarian
28,Maria,Alexander,malexanderr@google.com,Female,Trupe,"Bannister Acres, NC",Sales Associate
29,Alice,Carter,acarters@woothemes.com,Female,Mudo,"Bent Pine, VA",Payment Adjustment Coordinator
30,Steven,Gibson,sgibsont@clickbank.net,Male,Kamba,"Mitchell, AZ",Structural Engineer
31,Ann,Ryan,aryanu@cafepress.com,Female,Centidel,"Social Circle, MO",Database Administrator II
32,Christine,Griffin,cgriffinv@globo.com,Female,Leexo,"Kreutzberg, NY",Software Test Engineer III
33,George,Garcia,ggarciaw@canalblog.com,Male,Viva,"Cimarron, WA",Project Manager
34,Ruby,Carroll,rcarrollx@dailymail.co.uk,Female,Zooxo,"Brookhaven, DC",Biostatistician II
35,Harry,Hart,hharty@com.com,Male,Minyx,"Montverde Junction, NJ",Compensation Analyst
36,Heather,Mccoy,hmccoyz@goodreads.com,Female,Agimba,"Midland City, AK",Operator
37,Judy,Nichols,jnichols10@upenn.edu,Female,Mudo,"Sacramento, ME",Social Worker